Date,Voltage,Vehicle
11/5/2019 10:41,27.29003525,584302
11/5/2019 10:42,27.29003525,584302
11/5/2019 10:43,27.29453659,584302
11/5/2019 10:44,27.29003525,584302
11/5/2019 10:45,27.29164886,584302
11/5/2019 10:46,27.29155731,584302
11/5/2019 10:47,27.29003525,584302
11/5/2019 10:48,27.29003525,584302
11/5/2019 10:49,27.29379272,584302
11/5/2019 10:50,27.29260063,584302
11/5/2019 10:51,27.29086304,584302
11/5/2019 10:52,27.2903347,584302
11/5/2019 10:53,27.29003525,584302
11/5/2019 10:54,27.29286003,584302
11/5/2019 10:55,27.29250526,584302
11/5/2019 10:56,27.29250526,584302
11/5/2019 10:57,27.29037476,584302
11/5/2019 10:58,27.29017258,584302
11/5/2019 10:59,27.29003525,584302
11/5/2019 11:00,27.29371262,584302
11/5/2019 11:01,27.2912426,584302
11/5/2019 11:02,27.29114914,584302
11/5/2019 11:03,27.29170609,584302
11/5/2019 11:04,27.29125404,584302
11/5/2019 11:05,27.29315567,584302
11/5/2019 11:06,27.29005623,584302
11/5/2019 11:07,27.29003525,584302
11/5/2019 11:08,27.29003525,584302
11/5/2019 11:09,27.29025841,584302
11/5/2019 11:10,27.29429626,584302
11/5/2019 11:11,27.29520988,584302
11/5/2019 11:12,27.29336357,584302
11/5/2019 11:13,27.29009247,584302
11/5/2019 11:14,27.29003525,584302
11/5/2019 11:15,27.2937603,584302
11/5/2019 11:16,27.29506683,584302
11/5/2019 11:17,27.29387093,584302
11/5/2019 11:18,27.29317284,584302
11/5/2019 11:19,27.29014015,584302
11/5/2019 11:20,27.29003525,584302
11/5/2019 11:21,27.29275131,584302
11/5/2019 11:22,27.2935791,584302
11/5/2019 11:23,27.29368401,584302
11/5/2019 11:24,27.291502,584302
11/5/2019 11:25,27.2912178,584302
11/5/2019 11:26,27.29177284,584302
11/5/2019 11:27,27.29003525,584302
11/5/2019 11:28,27.29003525,584302
11/5/2019 11:29,27.29003525,584302
11/5/2019 11:30,27.29003525,584302
11/5/2019 11:31,27.29238701,584302
11/5/2019 11:32,27.29257774,584302
11/5/2019 11:33,27.29285431,584302
11/5/2019 11:34,27.2910614,584302
11/5/2019 11:35,27.29167175,584302
11/5/2019 11:36,27.29389191,584302
11/5/2019 11:37,27.29351807,584302
11/5/2019 11:38,27.29639053,584302
11/5/2019 11:39,27.29370117,584302
11/5/2019 11:40,27.29096031,584302
11/5/2019 11:41,27.2914753,584302
11/5/2019 11:42,27.29003525,584302
11/5/2019 11:43,27.29335213,584302
11/5/2019 11:44,27.29076958,584302
11/5/2019 11:45,27.29101563,584302
11/5/2019 11:46,27.29299355,584302
11/5/2019 11:47,27.29297447,584302
11/5/2019 11:48,27.29585457,584302
11/5/2019 11:49,27.29447174,584302
11/5/2019 11:50,27.2912693,584302
11/5/2019 11:51,27.29230881,584302
11/5/2019 11:52,27.29301453,584302
11/5/2019 11:53,27.29483032,584302
11/5/2019 11:54,27.29529381,584302
11/5/2019 11:55,27.29276848,584302
11/5/2019 11:56,27.29196358,584302
11/5/2019 11:57,27.29285431,584302
11/5/2019 11:58,27.29354668,584302
11/5/2019 11:59,27.29609299,584302
11/5/2019 12:00,27.29239845,584302
11/5/2019 12:01,27.29177475,584302
11/5/2019 12:02,27.29260063,584302
11/5/2019 12:03,27.29305267,584302
11/5/2019 12:04,27.29757118,584302
11/5/2019 12:05,27.29421806,584302
11/5/2019 12:06,27.29290962,584302
11/5/2019 12:07,27.292696,584302
11/5/2019 12:08,27.29183769,584302
11/5/2019 12:09,27.29262161,584302
11/5/2019 12:10,27.29006958,584302
11/5/2019 12:11,27.29003525,584302
11/5/2019 12:12,27.29127121,584302
11/5/2019 12:13,27.29070854,584302
11/5/2019 12:14,27.29012299,584302
11/5/2019 12:15,27.29452324,584302
11/5/2019 12:16,27.29003525,584302
11/5/2019 12:17,27.2912693,584302
11/5/2019 12:18,27.29279709,584302
11/5/2019 12:19,27.29294205,584302
11/5/2019 12:20,27.29082298,584302
11/5/2019 12:21,27.29276657,584302
11/5/2019 12:22,27.29374313,584302
11/5/2019 12:23,27.29248428,584302
11/5/2019 12:24,27.29151917,584302
11/5/2019 12:25,27.29758453,584302
11/5/2019 12:26,27.29813957,584302
11/5/2019 12:27,27.29847717,584302
11/5/2019 12:28,27.29383469,584302
11/5/2019 12:29,27.29473495,584302
11/5/2019 12:30,27.29383087,584302
11/5/2019 12:31,27.2940712,584302
11/5/2019 12:32,27.2980938,584302
11/5/2019 12:33,27.29675674,584302
11/5/2019 12:34,27.29512596,584302
11/5/2019 12:35,27.29110146,584302
11/5/2019 12:36,27.29009819,584302
11/5/2019 12:37,27.29182243,584302
11/5/2019 12:38,27.29003525,584302
11/5/2019 12:39,27.29571724,584302
11/5/2019 12:40,27.29029846,584302
11/5/2019 12:41,27.29182816,584302
11/5/2019 12:42,27.29192162,584302
11/5/2019 12:43,27.29003525,584302
11/5/2019 12:44,27.29389954,584302
11/5/2019 12:45,27.29527664,584302
11/5/2019 12:46,27.29062843,584302
11/5/2019 12:47,27.29323959,584302
11/5/2019 12:48,27.29083633,584302
11/5/2019 12:49,27.29268837,584302
11/5/2019 12:50,27.29496956,584302
11/5/2019 12:51,27.2938385,584302
11/5/2019 12:52,27.29367065,584302
11/5/2019 12:53,27.29265022,584302
11/5/2019 12:54,27.29003525,584302
11/5/2019 12:55,27.29133415,584302
11/5/2019 12:56,27.29278564,584302
11/5/2019 12:57,27.29003525,584302
11/5/2019 12:58,27.29395676,584302
11/5/2019 12:59,27.29383469,584302
11/5/2019 13:00,27.2912693,584302
11/5/2019 13:01,27.29387283,584302
11/5/2019 13:02,27.29406738,584302
11/5/2019 13:03,27.29331589,584302
11/5/2019 13:04,27.29600143,584302
11/5/2019 13:05,27.29616547,584302
11/5/2019 13:06,27.29669952,584302
11/5/2019 13:07,27.29156303,584302
11/5/2019 13:08,27.29135704,584302
11/5/2019 13:09,27.29277039,584302
11/5/2019 13:10,27.29301071,584302
11/5/2019 13:11,27.29067039,584302
11/5/2019 13:12,27.24638748,584302
11/5/2019 13:13,27.23996353,584302
11/5/2019 13:14,27.2400856,584302
11/5/2019 13:15,27.24219704,584302
11/5/2019 13:16,27.23996353,584302
11/5/2019 13:17,27.24021339,584302
11/5/2019 13:18,27.24457169,584302
11/5/2019 13:19,27.24353027,584302
11/5/2019 13:20,27.24010277,584302
11/5/2019 13:21,27.24124718,584302
11/5/2019 13:22,27.24219513,584302
11/5/2019 13:23,27.24295616,584302
11/5/2019 13:24,27.24341774,584302
11/5/2019 13:25,27.24040413,584302
11/5/2019 13:26,27.24615288,584302
11/5/2019 13:27,27.24401093,584302
11/5/2019 13:28,27.24127579,584302
11/5/2019 13:29,27.24008942,584302
11/5/2019 13:30,27.24278641,584302
11/5/2019 13:31,27.24375534,584302
11/5/2019 13:32,27.24133492,584302
11/5/2019 13:33,27.24041367,584302
11/5/2019 13:34,27.24352455,584302
11/5/2019 13:35,27.24121284,584302
11/5/2019 13:36,27.24003601,584302
11/5/2019 13:37,27.24003601,584302
11/5/2019 13:38,27.24188805,584302
11/5/2019 13:39,27.24378777,584302
11/5/2019 13:40,27.24318886,584302
11/5/2019 13:41,27.23999214,584302
11/5/2019 13:42,27.24003601,584302
11/5/2019 13:43,27.24003601,584302
11/5/2019 13:44,27.24188042,584302
11/5/2019 13:45,27.24215508,584302
11/5/2019 13:46,27.24193192,584302
11/5/2019 13:47,27.2401619,584302
11/5/2019 13:48,27.24258995,584302
11/5/2019 13:49,27.24073029,584302
11/5/2019 13:50,27.24072456,584302
11/5/2019 13:51,27.24003601,584302
11/5/2019 13:52,27.23990631,584302
11/5/2019 13:53,27.20417404,584302
11/5/2019 13:54,27.19414139,584302
11/5/2019 13:55,27.19391441,584302
11/5/2019 13:56,27.23985291,584302
11/5/2019 13:57,27.23996353,584302
11/5/2019 13:58,27.24003601,584302
11/5/2019 13:59,27.24003601,584302
11/5/2019 14:00,27.24003601,584302
11/5/2019 14:01,27.23996353,584302
11/5/2019 14:02,27.23990822,584302
11/5/2019 14:03,27.23991203,584302
11/5/2019 14:04,27.23875618,584302
11/5/2019 14:05,27.23888016,584302
11/5/2019 14:06,27.23859596,584302
11/5/2019 14:07,27.23745155,584302
11/5/2019 14:08,27.23622704,584302
11/5/2019 14:09,27.23626137,584302
11/5/2019 14:10,27.23392105,584302
11/5/2019 14:11,27.23351669,584302
11/5/2019 14:12,27.23326302,584302
11/5/2019 14:13,27.23627663,584302
11/5/2019 14:14,27.23607826,584302
11/5/2019 14:15,27.23671532,584302
11/5/2019 14:16,27.23683357,584302
11/5/2019 14:17,28.39627457,584302
11/5/2019 14:18,27.23556328,584302
11/5/2019 14:19,27.23897171,584302
11/5/2019 14:20,27.2396431,584302
11/5/2019 14:21,27.2387085,584302
11/5/2019 14:22,27.23805237,584302
11/5/2019 14:23,27.23620987,584302
11/5/2019 14:24,27.23636436,584302
11/5/2019 14:25,27.23435593,584302
11/5/2019 14:26,27.23467445,584302
11/5/2019 14:27,27.23780251,584302
11/5/2019 14:28,27.23868942,584302
11/5/2019 14:29,27.23796844,584302
11/5/2019 14:30,27.23745537,584302
11/5/2019 14:31,27.23683929,584302
11/5/2019 14:32,27.23488426,584302
11/5/2019 14:33,27.23569298,584302
11/5/2019 14:34,27.23982048,584302
11/5/2019 14:35,27.23784447,584302
11/5/2019 14:36,27.23819542,584302
11/5/2019 14:37,27.23668098,584302
11/5/2019 14:38,27.23630714,584302
11/5/2019 14:39,27.23503113,584302
11/5/2019 14:40,27.23995018,584302
11/5/2019 14:41,27.23995972,584302
11/5/2019 14:42,27.23954201,584302
11/5/2019 14:43,27.23902893,584302
11/5/2019 14:44,27.23840714,584302
11/5/2019 14:45,27.23777962,584302
11/5/2019 14:46,27.23996353,584302
11/5/2019 14:47,27.23614311,584302
11/5/2019 14:48,27.23478889,584302
11/5/2019 14:49,27.23840523,584302
11/5/2019 14:50,27.19662476,584302
11/5/2019 14:51,27.19213867,584302
11/5/2019 14:52,27.19003677,584302
11/5/2019 14:53,27.19081688,584302
11/5/2019 14:54,27.19003677,584302
11/5/2019 14:55,27.19013596,584302
11/5/2019 14:56,27.191782,584302
11/5/2019 14:57,27.19003677,584302
11/5/2019 14:58,27.19029617,584302
11/5/2019 14:59,27.19003677,584302
11/5/2019 15:00,27.19003677,584302
11/5/2019 15:01,27.19329834,584302
11/5/2019 15:02,27.19226646,584302
11/5/2019 15:03,27.19608688,584302
11/5/2019 15:04,27.19468689,584302
11/5/2019 15:05,27.19321442,584302
11/5/2019 15:06,27.19005013,584302
11/5/2019 15:07,27.19003677,584302
11/5/2019 15:08,27.19003677,584302
11/5/2019 15:09,27.19003677,584302
11/5/2019 15:10,27.19260788,584302
11/5/2019 15:11,27.19003677,584302
11/5/2019 15:12,27.1908493,584302
11/5/2019 15:13,27.19003677,584302
11/5/2019 15:14,25.92005157,584302
11/5/2019 15:15,27.19456482,584302
11/5/2019 15:16,27.19576263,584302
11/5/2019 15:17,27.1900692,584302
11/5/2019 15:18,27.19080353,584302
11/5/2019 15:19,27.19181824,584302
11/5/2019 15:20,27.19003677,584302
11/5/2019 15:21,27.19535255,584302
11/5/2019 15:22,27.19273567,584302
11/5/2019 15:23,27.1915226,584302
11/5/2019 15:24,27.19239426,584302
11/5/2019 15:25,27.19040489,584302
11/5/2019 15:26,27.19359398,584302
11/5/2019 15:27,27.19384956,584302
11/5/2019 15:28,27.19007111,584302
11/5/2019 15:29,27.19003677,584302
11/5/2019 15:30,27.19207573,584302
11/5/2019 15:31,27.19200325,584302
11/5/2019 15:32,27.19148064,584302
11/5/2019 15:33,27.19003677,584302
11/5/2019 15:34,27.19024086,584302
11/5/2019 15:35,27.19133568,584302
11/5/2019 15:36,27.19190598,584302
11/5/2019 15:37,27.19185829,584302
11/5/2019 15:38,27.19008827,584302
11/5/2019 15:39,27.19186211,584302
11/5/2019 15:40,27.19317627,584302
11/5/2019 15:41,27.19158936,584302
11/5/2019 15:42,27.19171143,584302
11/5/2019 15:43,27.19277573,584302
11/5/2019 15:44,27.19210243,584302
11/5/2019 15:45,27.19003677,584302
11/5/2019 15:46,27.19003677,584302
11/5/2019 15:47,27.19152451,584302
11/5/2019 15:48,27.19137192,584302
11/5/2019 15:49,27.19331932,584302
11/5/2019 15:50,27.19592667,584302
11/5/2019 15:51,27.19231033,584302
11/5/2019 15:52,27.19190025,584302
11/5/2019 15:53,27.1922226,584302
11/5/2019 15:54,27.19155693,584302
11/5/2019 15:55,27.19219398,584302
11/5/2019 15:56,27.19455719,584302
11/5/2019 15:57,27.19034576,584302
11/5/2019 15:58,27.19101334,584302
11/5/2019 15:59,27.19221115,584302
11/5/2019 16:00,27.19017029,584302
11/5/2019 16:01,27.19504547,584302
11/5/2019 16:02,27.19085884,584302
11/5/2019 16:03,27.19025421,584302
11/5/2019 16:04,27.19232368,584302
11/5/2019 16:05,27.19026566,584302
11/5/2019 16:06,27.19209862,584302
11/5/2019 16:07,27.19003677,584302
11/5/2019 16:08,27.19003677,584302
11/5/2019 16:09,27.19003677,584302
11/5/2019 16:10,27.19003677,584302
11/5/2019 16:11,27.19003677,584302
11/5/2019 16:12,27.19041634,584302
11/5/2019 16:13,24.68689156,584302
11/5/2019 16:14,28.41062927,584302
11/5/2019 16:15,27.19004631,584302
11/5/2019 16:16,27.19050217,584302
11/5/2019 16:17,27.19095993,584302
11/5/2019 16:18,27.19003677,584302
11/5/2019 16:19,27.19238281,584302
11/5/2019 16:20,27.19024658,584302
11/5/2019 16:21,27.19232941,584302
11/5/2019 16:22,27.19080734,584302
11/5/2019 16:23,27.19003677,584302
11/5/2019 16:24,27.19288635,584302
11/5/2019 16:25,27.19003677,584302
11/5/2019 16:26,27.19308281,584302
11/5/2019 16:27,27.19041252,584302
11/5/2019 16:28,27.19029617,584302
11/5/2019 16:29,27.19102478,584302
11/5/2019 16:30,27.19003677,584302
11/5/2019 16:31,27.19438362,584302
11/5/2019 16:32,27.18871117,584302
11/5/2019 16:33,27.18996048,584302
11/5/2019 16:34,27.18996048,584302
11/5/2019 16:35,27.18996048,584302
11/5/2019 16:36,27.19003677,584302
11/5/2019 16:37,27.18996048,584302
11/5/2019 16:38,27.18996048,584302
11/5/2019 16:39,27.18996048,584302
11/5/2019 16:40,27.18996048,584302
11/5/2019 16:41,27.18996048,584302
11/5/2019 16:42,27.18996048,584302
11/5/2019 16:43,27.18996048,584302
11/5/2019 16:44,27.18996048,584302
11/5/2019 16:45,27.18996048,584302
11/5/2019 16:46,27.18996048,584302
11/5/2019 16:47,27.18996048,584302
11/5/2019 16:48,27.18996048,584302
11/5/2019 16:49,27.18940735,584302
11/5/2019 16:50,27.18996048,584302
11/5/2019 16:51,27.18904495,584302
11/5/2019 16:52,25.05398369,584302
11/5/2019 16:53,27.25295448,584302
11/5/2019 16:54,27.18748856,584302
11/5/2019 16:55,27.18975067,584302
11/5/2019 16:56,27.18996048,584302
11/5/2019 16:57,27.18996048,584302
11/5/2019 16:58,27.18945694,584302
11/5/2019 16:59,27.18996048,584302
11/5/2019 17:00,27.18996048,584302
11/5/2019 17:01,27.18996048,584302
11/5/2019 17:02,27.18996048,584302
11/5/2019 17:03,27.18996048,584302
11/5/2019 17:04,27.18992996,584302
11/5/2019 17:05,27.18996048,584302
11/5/2019 17:06,27.18996048,584302
11/5/2019 17:07,27.18996048,584302
11/5/2019 17:08,27.18996048,584302
11/5/2019 17:09,27.18913078,584302
11/5/2019 17:10,27.18904686,584302
11/5/2019 17:11,27.18989754,584302
11/5/2019 17:12,27.18996048,584302
11/5/2019 17:13,27.18996048,584302
11/5/2019 17:14,27.18996048,584302
11/5/2019 17:15,27.18996048,584302
11/5/2019 17:16,27.18996048,584302
11/5/2019 17:17,27.18996048,584302
11/5/2019 17:18,27.18996048,584302
11/5/2019 17:19,27.18946457,584302
11/5/2019 17:20,27.18996048,584302
11/5/2019 17:21,27.18800163,584302
11/5/2019 17:22,27.18996048,584302
11/5/2019 17:23,27.19120407,584302
11/5/2019 17:24,27.18870544,584302
11/5/2019 17:25,27.1899128,584302
11/5/2019 17:26,27.18996048,584302
11/5/2019 17:27,27.18996048,584302
11/5/2019 17:28,27.18996048,584302
11/5/2019 17:29,27.18996048,584302
11/5/2019 17:30,27.18996048,584302
11/5/2019 17:31,27.18996048,584302
11/5/2019 17:32,27.18996048,584302
11/5/2019 17:33,27.18996048,584302
11/5/2019 17:34,27.18996048,584302
11/5/2019 17:35,27.18996048,584302
11/5/2019 17:36,27.18996048,584302
11/5/2019 17:37,27.1899395,584302
11/5/2019 17:38,27.18996048,584302
11/5/2019 17:39,27.18996048,584302
11/5/2019 17:40,27.1871357,584302
11/5/2019 17:41,27.18992043,584302
11/5/2019 17:42,27.18996048,584302
11/5/2019 17:43,27.19003677,584302
11/5/2019 17:44,27.19003677,584302
11/5/2019 17:45,27.19156456,584302
11/5/2019 17:46,27.19016266,584302
11/5/2019 17:47,27.19003677,584302
11/5/2019 17:48,27.18996048,584302
11/5/2019 17:49,27.18996048,584302
11/5/2019 17:50,27.18996048,584302
11/5/2019 17:51,27.18806458,584302
11/5/2019 17:52,27.19003677,584302
11/5/2019 17:53,27.19003677,584302
11/5/2019 17:54,27.19003677,584302
11/5/2019 17:55,27.19009781,584302
11/5/2019 17:56,27.19003677,584302
11/5/2019 17:57,27.19003677,584302
11/5/2019 17:58,27.19003677,584302
11/5/2019 17:59,27.19003677,584302
11/5/2019 18:00,27.19053459,584302
11/5/2019 18:01,27.19095039,584302
11/5/2019 18:02,27.19003677,584302
11/5/2019 18:03,27.19019508,584302
11/5/2019 18:04,27.19003677,584302
11/5/2019 18:05,27.19003677,584302
11/5/2019 18:06,27.19003677,584302
11/5/2019 18:07,28.40862465,584302
11/5/2019 18:08,27.18996048,584302
11/5/2019 18:09,24.57046509,584302
11/5/2019 18:10,23.86315918,584302
11/5/2019 18:11,24.1720562,584302
11/5/2019 19:35,24.04045868,584302
11/5/2019 19:36,23.61112595,584302
11/5/2019 19:37,28.41523552,584302
11/5/2019 19:38,28.41324997,584302
11/5/2019 19:39,28.41320419,584302
11/5/2019 19:40,28.41592026,584302
11/5/2019 19:41,28.41664124,584302
11/5/2019 19:42,27.19075012,584302
11/5/2019 19:43,27.19123459,584302
11/5/2019 19:44,27.19255066,584302
11/5/2019 19:45,27.19379616,584302
11/5/2019 19:46,27.19480896,584302
11/5/2019 19:47,27.19003677,584302
11/5/2019 19:48,27.19425201,584302
11/5/2019 19:49,27.19668198,584302
11/5/2019 19:50,27.19458771,584302
11/5/2019 19:51,27.19827271,584302
11/5/2019 19:52,27.19710541,584302
11/5/2019 19:53,27.19653893,584302
11/5/2019 19:54,27.19417763,584302
11/5/2019 19:55,27.19399452,584302
11/5/2019 19:56,27.19673347,584302
11/5/2019 19:57,27.1999054,584302
11/5/2019 19:58,27.19268417,584302
11/5/2019 19:59,27.19443321,584302
11/5/2019 20:00,27.19511032,584302
11/5/2019 20:01,27.19435883,584302
11/5/2019 20:02,27.19421005,584302
11/5/2019 20:03,27.19033813,584302
11/5/2019 20:04,27.19621468,584302
11/5/2019 20:05,27.19009972,584302
11/5/2019 20:06,27.19393921,584302
11/5/2019 20:07,27.19222641,584302
11/5/2019 20:08,28.41389656,584302
11/5/2019 20:09,27.20203209,584302
11/5/2019 20:10,27.19507408,584302
11/5/2019 20:11,27.19306946,584302
11/5/2019 20:12,27.19120407,584302
11/5/2019 20:13,27.19114304,584302
11/5/2019 20:14,27.19257927,584302
11/5/2019 20:15,27.19425583,584302
11/5/2019 20:16,27.19989967,584302
11/5/2019 20:17,27.1987381,584302
11/5/2019 20:18,27.19824982,584302
11/5/2019 20:19,27.19799232,584302
11/5/2019 20:20,27.19761467,584302
11/5/2019 20:21,27.19711113,584302
11/5/2019 20:22,27.19677162,584302
11/5/2019 20:23,27.19588852,584302
11/5/2019 20:24,27.19722366,584302
11/5/2019 20:25,27.19869041,584302
11/5/2019 20:26,27.19672966,584302
11/5/2019 20:27,27.19691086,584302
11/5/2019 20:28,27.1953125,584302
11/5/2019 20:29,27.19598579,584302
11/5/2019 20:30,27.19342995,584302
11/5/2019 20:31,27.19593048,584302
11/5/2019 20:32,27.1970787,584302
11/5/2019 20:33,27.19751167,584302
11/5/2019 20:34,27.19640541,584302
11/5/2019 20:35,27.19604683,584302
11/5/2019 20:36,27.19460487,584302
11/5/2019 20:37,27.19374847,584302
11/5/2019 20:38,27.1960125,584302
11/5/2019 20:39,27.19760323,584302
11/5/2019 20:40,27.19747925,584302
11/5/2019 20:41,27.19599724,584302
11/5/2019 20:42,27.19541168,584302
11/5/2019 20:43,27.1975708,584302
11/5/2019 20:44,27.19576454,584302
11/5/2019 20:45,27.19575119,584302
11/5/2019 20:46,27.19526291,584302
11/5/2019 20:47,27.19577217,584302
11/5/2019 20:48,27.19465637,584302
11/5/2019 20:49,27.19455147,584302
11/5/2019 20:50,27.19412613,584302
11/5/2019 20:51,27.19639969,584302
11/5/2019 20:52,27.19627571,584302
11/5/2019 20:53,27.19684029,584302
11/5/2019 20:54,27.19690132,584302
11/5/2019 20:55,27.19669342,584302
11/5/2019 20:56,27.19469452,584302
11/5/2019 20:57,27.19424248,584302
11/5/2019 20:58,27.19427109,584302
11/5/2019 20:59,27.19606018,584302
11/5/2019 21:00,27.19796371,584302
11/5/2019 21:01,27.19581223,584302
11/5/2019 21:02,27.19336891,584302
11/5/2019 21:03,27.19260597,584302
11/5/2019 21:04,27.19182396,584302
11/5/2019 21:05,27.19216347,584302
11/5/2019 21:06,27.19016266,584302
11/5/2019 21:07,27.19267654,584302
11/5/2019 21:08,27.19439125,584302
11/5/2019 21:09,27.19524765,584302
11/5/2019 21:10,27.19133568,584302
11/5/2019 21:11,27.19391441,584302
11/5/2019 21:12,27.19439125,584302
11/5/2019 21:13,27.19760513,584302
11/5/2019 21:14,27.19663811,584302
11/5/2019 21:15,27.19168472,584302
11/5/2019 21:16,27.19003677,584302
11/5/2019 21:17,27.19226265,584302
11/5/2019 21:18,27.19092941,584302
11/5/2019 21:19,27.19318008,584302
11/5/2019 21:20,27.19170189,584302
11/5/2019 21:21,27.19459152,584302
11/5/2019 21:22,27.1914711,584302
11/5/2019 21:23,27.19405556,584302
11/5/2019 21:24,27.19096375,584302
11/5/2019 21:25,27.19317818,584302
11/5/2019 21:26,27.19452095,584302
11/5/2019 21:27,27.19775772,584302
11/5/2019 21:28,27.19861984,584302
11/5/2019 21:29,28.42056084,584302
11/5/2019 21:30,27.19213867,584302
11/5/2019 21:31,27.19088745,584302
11/5/2019 21:32,27.19300461,584302
11/5/2019 21:33,27.19303322,584302
11/5/2019 21:34,27.19038582,584302
11/5/2019 21:35,27.19525719,584302
11/5/2019 21:36,24.86792564,584302
11/5/2019 21:37,27.19682312,584302
11/5/2019 21:38,27.19239426,584302
11/5/2019 21:39,27.1940937,584302
11/5/2019 21:40,27.19140434,584302
11/5/2019 21:41,27.19644356,584302
11/5/2019 21:42,27.19805717,584302
11/5/2019 21:43,27.19552994,584302
11/5/2019 21:44,27.19364929,584302
11/5/2019 21:45,27.19283104,584302
11/5/2019 21:46,27.1955471,584302
11/5/2019 21:47,27.19469643,584302
11/5/2019 21:48,27.19747925,584302
11/5/2019 21:49,27.19671631,584302
11/5/2019 21:50,27.19330978,584302
11/5/2019 21:51,27.19360542,584302
11/5/2019 21:52,27.1942997,584302
11/5/2019 21:53,27.19737434,584302
11/5/2019 21:54,27.1941452,584302
11/5/2019 21:55,27.19629097,584302
11/5/2019 21:56,27.19441032,584302
11/5/2019 21:57,27.19351959,584302
11/5/2019 21:58,27.19479942,584302
11/5/2019 21:59,27.19772148,584302
11/5/2019 22:00,27.19663429,584302
11/5/2019 22:01,27.19010353,584302
11/5/2019 22:02,27.1920414,584302
11/5/2019 22:03,27.19237518,584302
11/5/2019 22:04,27.19890785,584302
11/5/2019 22:05,27.19721222,584302
11/5/2019 22:06,27.19525909,584302
11/5/2019 22:07,27.19469261,584302
11/5/2019 22:08,27.19464111,584302
11/5/2019 22:09,27.19409943,584302
11/5/2019 22:10,27.19024849,584302
11/5/2019 22:11,27.19606018,584302
11/5/2019 22:12,27.19430351,584302
11/5/2019 22:13,27.19303131,584302
11/5/2019 22:14,27.19411278,584302
11/5/2019 22:15,27.19782829,584302
11/5/2019 22:16,27.19594955,584302
11/5/2019 22:17,27.19219971,584302
11/5/2019 22:18,27.19184685,584302
11/5/2019 22:19,27.19281006,584302
11/5/2019 22:20,27.19348335,584302
11/5/2019 22:21,27.19519043,584302
11/5/2019 22:22,27.19600105,584302
11/5/2019 22:23,27.18981171,584302
11/5/2019 22:24,27.19019699,584302
11/5/2019 22:25,27.19003677,584302
11/5/2019 22:26,27.19419479,584302
11/5/2019 22:27,27.19546509,584302
11/5/2019 22:28,27.19007874,584302
11/5/2019 22:29,27.19072533,584302
11/5/2019 22:30,27.1919632,584302
11/5/2019 22:31,27.19074631,584302
11/5/2019 22:32,27.19589806,584302
11/5/2019 22:33,27.19234276,584302
11/5/2019 22:34,27.19003677,584302
11/5/2019 22:35,27.19225883,584302
11/5/2019 22:36,27.19200516,584302
11/5/2019 22:37,27.19003677,584302
11/5/2019 22:38,27.19453812,584302
11/5/2019 22:39,27.19529533,584302
11/5/2019 22:40,27.19205475,584302
11/5/2019 22:41,27.19003677,584302
11/5/2019 22:42,27.19358253,584302
11/5/2019 22:43,27.19491768,584302
11/5/2019 22:44,27.19338226,584302
11/5/2019 22:45,27.19005585,584302
11/5/2019 22:46,27.19231606,584302
11/5/2019 22:47,27.19233894,584302
11/5/2019 22:48,27.19388199,584302
11/5/2019 22:49,27.19299698,584302
11/5/2019 22:50,27.19504738,584302
11/5/2019 22:51,27.19968796,584302
11/5/2019 22:52,27.19434547,584302
11/5/2019 22:53,27.1949482,584302
11/5/2019 22:54,27.19693565,584302
11/5/2019 22:55,27.19887352,584302
11/5/2019 22:56,27.19826698,584302
11/5/2019 22:57,27.19626045,584302
11/5/2019 22:58,27.19541359,584302
11/5/2019 22:59,27.19620323,584302
11/5/2019 23:00,27.19630241,584302
11/5/2019 23:01,27.19615364,584302
11/5/2019 23:02,27.19042397,584302
11/5/2019 23:03,27.19138908,584302
11/5/2019 23:04,27.19397736,584302
11/5/2019 23:05,27.19274139,584302
11/5/2019 23:06,27.19256592,584302
11/5/2019 23:07,27.19605255,584302
11/5/2019 23:08,27.1940155,584302
11/5/2019 23:09,27.19172287,584302
11/5/2019 23:10,27.19244385,584302
11/5/2019 23:11,27.19347,584302
11/5/2019 23:12,27.19210052,584302
11/5/2019 23:13,27.1907711,584302
11/5/2019 23:14,27.19217873,584302
11/5/2019 23:15,27.1919651,584302
11/5/2019 23:16,27.1932621,584302
11/5/2019 23:17,27.19363594,584302
11/5/2019 23:18,27.19003677,584302
11/5/2019 23:19,27.19467926,584302
11/5/2019 23:20,27.19351006,584302
11/5/2019 23:21,27.1905899,584302
11/5/2019 23:22,27.19983482,584302
11/5/2019 23:23,27.19761848,584302
11/5/2019 23:24,27.19604301,584302
11/5/2019 23:25,27.1956768,584302
11/5/2019 23:26,27.19030762,584302
11/5/2019 23:27,27.1948719,584302
11/5/2019 23:28,27.19400787,584302
11/5/2019 23:29,27.1954155,584302
11/5/2019 23:30,27.19464302,584302
11/5/2019 23:31,27.19964218,584302
11/5/2019 23:32,27.1920929,584302
11/5/2019 23:33,27.1950531,584302
11/5/2019 23:34,27.19496346,584302
11/5/2019 23:35,27.19650459,584302
11/5/2019 23:36,27.19569588,584302
11/5/2019 23:37,27.19015884,584302
11/5/2019 23:38,27.19285965,584302
11/5/2019 23:39,27.194561,584302
11/5/2019 23:40,27.19360733,584302
11/5/2019 23:41,27.19418335,584302
11/5/2019 23:42,27.19221878,584302
11/5/2019 23:43,27.19304848,584302
11/5/2019 23:44,27.1955719,584302
11/5/2019 23:45,27.19316292,584302
11/5/2019 23:46,27.19315338,584302
11/5/2019 23:47,27.1906395,584302
11/5/2019 23:48,27.19148064,584302
11/5/2019 23:49,27.19003677,584302
11/5/2019 23:50,27.19003677,584302
11/5/2019 23:51,27.19006157,584302
11/5/2019 23:52,27.19322586,584302
11/5/2019 23:53,27.19100761,584302
11/5/2019 23:54,27.19345284,584302
11/5/2019 23:55,27.19613266,584302
11/5/2019 23:56,27.19271851,584302
11/5/2019 23:57,27.1923275,584302
11/5/2019 23:58,27.19416428,584302
11/5/2019 23:59,27.19519806,584302
11/6/2019 0:00,27.19003677,584302
11/6/2019 0:01,27.19003677,584302
11/6/2019 0:02,27.19130516,584302
11/6/2019 0:03,27.19106674,584302
11/6/2019 0:04,27.20020485,584302
11/6/2019 0:05,27.19557571,584302
11/6/2019 0:06,27.19464874,584302
11/6/2019 0:07,27.19013977,584302
11/6/2019 0:08,27.19300842,584302
11/6/2019 0:09,27.19459724,584302
11/6/2019 0:10,27.19659996,584302
11/6/2019 0:11,27.19063377,584302
11/6/2019 0:12,27.19003677,584302
11/6/2019 0:13,27.1933403,584302
11/6/2019 0:14,27.1935997,584302
11/6/2019 0:15,27.19442177,584302
11/6/2019 0:16,27.19009209,584302
11/6/2019 0:17,27.19135475,584302
11/6/2019 0:18,27.19218254,584302
11/6/2019 0:19,27.19249916,584302
11/6/2019 0:20,27.19772148,584302
11/6/2019 0:21,27.19756126,584302
11/6/2019 0:22,27.19691849,584302
11/6/2019 0:23,27.19259262,584302
11/6/2019 0:24,27.19393158,584302
11/6/2019 0:25,27.19446754,584302
11/6/2019 0:26,27.1931076,584302
11/6/2019 0:27,27.19577217,584302
11/6/2019 0:28,27.20134926,584302
11/6/2019 0:29,27.19159508,584302
11/6/2019 0:30,27.192276,584302
11/6/2019 0:31,27.19301605,584302
11/6/2019 0:32,27.19006348,584302
11/6/2019 0:33,27.19003677,584302
11/6/2019 0:34,27.19240189,584302
11/6/2019 0:35,27.19198036,584302
11/6/2019 0:36,27.19055557,584302
11/6/2019 0:37,27.19172668,584302
11/6/2019 0:38,27.19430542,584302
11/6/2019 0:39,27.19301224,584302
11/6/2019 0:40,27.19165993,584302
11/6/2019 0:41,28.41473198,584302
11/6/2019 0:42,27.19350815,584302
11/6/2019 0:43,27.19228935,584302
11/6/2019 0:44,25.39993858,584302
11/6/2019 0:45,27.7193718,584302
11/6/2019 0:46,27.191185,584302
11/6/2019 0:47,27.19359589,584302
11/6/2019 0:48,27.19398117,584302
11/6/2019 0:49,27.19039726,584302
11/6/2019 0:50,27.19205666,584302
11/6/2019 0:51,27.19356346,584302
11/6/2019 0:52,27.19380188,584302
11/6/2019 0:53,27.19752312,584302
11/6/2019 0:54,27.19542694,584302
11/6/2019 0:55,27.19397736,584302
11/6/2019 0:56,27.19003677,584302
11/6/2019 0:57,27.19193649,584302
11/6/2019 0:58,27.19239235,584302
11/6/2019 0:59,27.1903801,584302
11/6/2019 1:00,27.19300842,584302
11/6/2019 1:01,27.19460106,584302
11/6/2019 1:02,27.19389153,584302
11/6/2019 1:03,27.19084358,584302
11/6/2019 1:04,27.19340897,584302
11/6/2019 1:05,27.19358063,584302
11/6/2019 1:06,27.19389915,584302
11/6/2019 1:07,27.19036484,584302
11/6/2019 1:08,27.19068718,584302
11/6/2019 1:09,27.19270325,584302
11/6/2019 1:10,27.19289207,584302
11/6/2019 1:11,27.19005394,584302
11/6/2019 1:12,27.19134712,584302
11/6/2019 1:13,27.19166946,584302
11/6/2019 1:14,27.19156265,584302
11/6/2019 1:15,27.19215775,584302
11/6/2019 1:16,27.19007301,584302
11/6/2019 1:17,27.19424057,584302
11/6/2019 1:18,27.19544601,584302
11/6/2019 1:19,27.19372559,584302
11/6/2019 1:20,27.19003677,584302
11/6/2019 1:21,27.19461823,584302
11/6/2019 1:22,27.19423294,584302
11/6/2019 1:23,27.19005966,584302
11/6/2019 1:24,27.19181252,584302
11/6/2019 1:25,27.1921463,584302
11/6/2019 1:26,27.19140816,584302
11/6/2019 1:27,27.19472313,584302
11/6/2019 1:28,27.19424438,584302
11/6/2019 1:29,27.19400978,584302
11/6/2019 1:30,27.19369507,584302
11/6/2019 1:31,27.2134037,584302
11/6/2019 1:32,27.19003677,584302
11/6/2019 1:33,27.19637489,584302
11/6/2019 1:34,27.19514275,584302
11/6/2019 1:35,27.19351196,584302
11/6/2019 1:36,27.19067001,584302
11/6/2019 1:37,27.19016075,584302
11/6/2019 1:38,27.19671059,584302
11/6/2019 1:39,27.19632339,584302
11/6/2019 1:40,27.19289398,584302
11/6/2019 1:41,27.19003677,584302
11/6/2019 1:42,27.19356918,584302
11/6/2019 1:43,27.1939888,584302
11/6/2019 1:44,27.19417,584302
11/6/2019 1:45,27.19454956,584302
11/6/2019 1:46,27.19050407,584302
11/6/2019 1:47,27.19180679,584302
11/6/2019 1:48,27.19379044,584302
11/6/2019 1:49,27.19339561,584302
11/6/2019 1:50,27.19244385,584302
11/6/2019 1:51,27.19053841,584302
11/6/2019 1:52,27.19003677,584302
11/6/2019 1:53,27.19260788,584302
11/6/2019 1:54,27.19466591,584302
11/6/2019 1:55,27.19168282,584302
11/6/2019 1:56,27.19107246,584302
11/6/2019 1:57,27.19003677,584302
11/6/2019 1:58,27.19003677,584302
11/6/2019 1:59,27.1920433,584302
11/6/2019 2:00,27.1901474,584302
11/6/2019 2:01,27.19033813,584302
11/6/2019 2:02,27.19145775,584302
11/6/2019 2:03,27.19237137,584302
11/6/2019 2:04,27.19205856,584302
11/6/2019 2:05,27.19691277,584302
11/6/2019 2:06,27.19155312,584302
11/6/2019 2:07,27.19003677,584302
11/6/2019 2:08,27.19003677,584302
11/6/2019 2:09,27.1932888,584302
11/6/2019 2:10,27.19318962,584302
11/6/2019 2:11,27.19076729,584302
11/6/2019 2:12,27.1912117,584302
11/6/2019 2:13,27.19021797,584302
11/6/2019 2:14,27.19303322,584302
11/6/2019 2:15,27.19412613,584302
11/6/2019 2:16,27.19003677,584302
11/6/2019 2:17,27.1944561,584302
11/6/2019 2:18,27.19009209,584302
11/6/2019 2:19,27.19291687,584302
11/6/2019 2:20,27.19026756,584302
11/6/2019 2:21,27.19470406,584302
11/6/2019 2:22,27.19027519,584302
11/6/2019 2:23,27.19258499,584302
11/6/2019 2:24,27.19040871,584302
11/6/2019 2:25,27.1928215,584302
11/6/2019 2:26,27.19183731,584302
11/6/2019 2:27,27.19494247,584302
11/6/2019 2:28,27.19537544,584302
11/6/2019 2:29,27.19220352,584302
11/6/2019 2:30,27.19317055,584302
11/6/2019 2:31,27.19355202,584302
11/6/2019 2:32,27.19420242,584302
11/6/2019 2:33,28.4172554,584302
11/6/2019 2:34,27.19546127,584302
11/6/2019 2:35,27.19633293,584302
11/6/2019 2:36,27.19194603,584302
11/6/2019 2:37,27.19208336,584302
11/6/2019 2:38,27.19240952,584302
11/6/2019 2:39,27.19632339,584302
11/6/2019 2:40,27.19293404,584302
11/6/2019 2:41,27.19293594,584302
11/6/2019 2:42,27.19340706,584302
11/6/2019 2:43,27.19395256,584302
11/6/2019 2:44,27.19334984,584302
11/6/2019 2:45,27.19639206,584302
11/6/2019 2:46,27.19753647,584302
11/6/2019 2:47,27.2163868,584302
11/6/2019 2:48,27.23668098,584302
11/6/2019 2:49,27.23996162,584302
11/6/2019 2:50,27.23996353,584302
11/6/2019 2:51,27.23869324,584302
11/6/2019 2:52,27.24003601,584302
11/6/2019 2:53,27.24201965,584302
11/6/2019 2:54,27.23788834,584302
11/6/2019 2:55,27.24003601,584302
11/6/2019 2:56,27.23996353,584302
11/6/2019 2:57,27.23950005,584302
11/6/2019 2:58,27.24015617,584302
11/6/2019 2:59,27.23978233,584302
11/6/2019 3:00,27.23996353,584302
11/6/2019 3:01,27.23626328,584302
11/6/2019 3:02,27.23711586,584302
11/6/2019 3:03,27.239048,584302
11/6/2019 3:04,27.23990631,584302
11/6/2019 3:05,27.23996353,584302
11/6/2019 3:06,27.23679161,584302
11/6/2019 3:07,27.23599052,584302
11/6/2019 3:08,27.23655891,584302
11/6/2019 3:09,27.23996353,584302
11/6/2019 3:10,27.23996353,584302
11/6/2019 3:11,27.23766327,584302
11/6/2019 3:12,27.23654747,584302
11/6/2019 3:13,27.23527718,584302
11/6/2019 3:14,27.23992729,584302
11/6/2019 3:15,27.23996353,584302
11/6/2019 3:16,27.23794746,584302
11/6/2019 3:17,27.23986435,584302
11/6/2019 3:18,27.24064445,584302
11/6/2019 3:19,27.23963356,584302
11/6/2019 3:20,27.24003601,584302
11/6/2019 3:21,27.24003601,584302
11/6/2019 3:22,27.23975754,584302
11/6/2019 3:23,27.23764992,584302
11/6/2019 3:24,27.23630142,584302
11/6/2019 3:25,27.23701477,584302
11/6/2019 3:26,27.23991966,584302
11/6/2019 3:27,27.23996353,584302
11/6/2019 3:28,27.23996353,584302
11/6/2019 3:29,27.23996353,584302
11/6/2019 3:30,27.23996353,584302
11/6/2019 3:31,27.23904419,584302
11/6/2019 3:32,27.23996353,584302
11/6/2019 3:33,27.2378521,584302
11/6/2019 3:34,27.23891068,584302
11/6/2019 3:35,27.23996353,584302
11/6/2019 3:36,27.23996353,584302
11/6/2019 3:37,27.23820686,584302
11/6/2019 3:38,27.2380867,584302
11/6/2019 3:39,27.23996353,584302
11/6/2019 3:40,27.23996353,584302
11/6/2019 3:41,27.23806763,584302
11/6/2019 3:42,27.23864746,584302
11/6/2019 3:43,27.24003601,584302
11/6/2019 3:44,27.24003601,584302
11/6/2019 3:45,27.24003601,584302
11/6/2019 3:46,27.23744202,584302
11/6/2019 3:47,27.23996353,584302
11/6/2019 3:48,27.24003601,584302
11/6/2019 3:49,27.23996353,584302
11/6/2019 3:50,27.23996353,584302
11/6/2019 3:51,27.23996353,584302
11/6/2019 3:52,27.23877907,584302
11/6/2019 3:53,27.23996353,584302
11/6/2019 3:54,27.23996353,584302
11/6/2019 3:55,27.23996353,584302
11/6/2019 3:56,27.23996353,584302
11/6/2019 3:57,27.23996353,584302
11/6/2019 3:58,27.23996353,584302
11/6/2019 3:59,27.23996353,584302
11/6/2019 4:00,27.2375927,584302
11/6/2019 4:01,27.23753738,584302
11/6/2019 4:02,27.23996353,584302
11/6/2019 4:03,27.23834038,584302
11/6/2019 4:04,27.23634529,584302
11/6/2019 4:05,27.23311424,584302
11/6/2019 4:06,27.23091698,584302
11/6/2019 4:07,27.23399925,584302
11/6/2019 4:08,27.23642921,584302
11/6/2019 4:09,27.23261833,584302
11/6/2019 4:10,27.23137093,584302
11/6/2019 4:11,27.23300934,584302
11/6/2019 4:12,27.23304939,584302
11/6/2019 4:13,27.2334919,584302
11/6/2019 4:14,27.23479462,584302
11/6/2019 4:15,27.23085022,584302
11/6/2019 4:16,27.23132133,584302
11/6/2019 4:17,27.23438072,584302
11/6/2019 4:18,27.23007202,584302
11/6/2019 4:19,27.23604965,584302
11/6/2019 4:20,27.23143387,584302
11/6/2019 4:21,27.23003769,584302
11/6/2019 4:22,27.232687,584302
11/6/2019 4:23,27.23459816,584302
11/6/2019 4:24,27.23040771,584302
11/6/2019 4:25,27.23500252,584302
11/6/2019 4:26,27.23142433,584302
11/6/2019 4:27,27.23309135,584302
11/6/2019 4:28,27.23383904,584302
11/6/2019 4:29,27.23616982,584302
11/6/2019 4:30,27.23616791,584302
11/6/2019 4:31,27.23054695,584302
11/6/2019 4:32,27.23700714,584302
11/6/2019 4:33,27.23254204,584302
11/6/2019 4:34,27.23459244,584302
11/6/2019 4:35,27.23737717,584302
11/6/2019 4:36,27.23712158,584302
11/6/2019 4:37,27.2356205,584302
11/6/2019 4:38,27.23447609,584302
11/6/2019 4:39,27.23233795,584302
11/6/2019 4:40,27.23199654,584302
11/6/2019 4:41,27.23751831,584302
11/6/2019 4:42,27.23771095,584302
11/6/2019 4:43,27.23341751,584302
11/6/2019 4:44,27.23443604,584302
11/6/2019 4:45,27.23503113,584302
11/6/2019 4:46,27.23562813,584302
11/6/2019 4:47,27.23750687,584302
11/6/2019 4:48,27.23714638,584302
11/6/2019 4:49,27.23485756,584302
11/6/2019 4:50,27.23854256,584302
11/6/2019 4:51,27.23484421,584302
11/6/2019 4:52,27.23409843,584302
11/6/2019 4:53,27.23719978,584302
11/6/2019 4:54,27.23741913,584302
11/6/2019 4:55,27.23687553,584302
11/6/2019 4:56,27.23441887,584302
11/6/2019 4:57,27.2320118,584302
11/6/2019 4:58,27.2360363,584302
11/6/2019 4:59,27.23779869,584302
11/6/2019 5:00,27.23976326,584302
11/6/2019 5:01,27.23301315,584302
11/6/2019 5:02,27.23252678,584302
11/6/2019 5:03,27.23297501,584302
11/6/2019 5:04,27.23983765,584302
11/6/2019 5:05,27.23286247,584302
11/6/2019 5:06,27.23010635,584302
11/6/2019 5:07,27.2324543,584302
11/6/2019 5:08,27.23768997,584302
11/6/2019 5:09,27.23464394,584302
11/6/2019 5:10,27.23093987,584302
11/6/2019 5:11,27.23521996,584302
11/6/2019 5:12,27.2382164,584302
11/6/2019 5:13,27.23599625,584302
11/6/2019 5:14,27.23199081,584302
11/6/2019 5:15,27.23007011,584302
11/6/2019 5:16,27.23802948,584302
11/6/2019 5:17,27.23979759,584302
11/6/2019 5:18,27.23699379,584302
11/6/2019 5:19,27.23180389,584302
11/6/2019 5:20,27.23155403,584302
11/6/2019 5:21,27.23879433,584302
11/6/2019 5:22,27.23985672,584302
11/6/2019 5:23,27.23939133,584302
11/6/2019 5:24,27.2345295,584302
11/6/2019 5:25,27.23195839,584302
11/6/2019 5:26,27.23153877,584302
11/6/2019 5:27,27.23822021,584302
11/6/2019 5:28,27.23943901,584302
11/6/2019 5:29,27.23478508,584302
11/6/2019 5:30,27.2305069,584302
11/6/2019 5:31,27.2328949,584302
11/6/2019 5:32,27.23326492,584302
11/6/2019 5:33,27.2395401,584302
11/6/2019 5:34,27.23877907,584302
11/6/2019 5:35,27.23125267,584302
11/6/2019 5:36,27.23053932,584302
11/6/2019 5:37,27.23644066,584302
11/6/2019 5:38,27.23980904,584302
11/6/2019 5:39,27.23996353,584302
11/6/2019 5:40,27.2358551,584302
11/6/2019 5:41,27.23908043,584302
11/6/2019 5:42,27.23995781,584302
11/6/2019 5:43,27.23996353,584302
11/6/2019 5:44,27.23996353,584302
11/6/2019 5:45,27.23996353,584302
11/6/2019 5:46,27.23996353,584302
11/6/2019 5:47,27.23996353,584302
11/6/2019 5:48,27.23996353,584302
11/6/2019 5:49,27.23996353,584302
11/6/2019 5:50,27.23996353,584302
11/6/2019 5:51,27.23996353,584302
11/6/2019 5:52,27.23996353,584302
11/6/2019 5:53,27.23996353,584302
11/6/2019 5:54,27.23996353,584302
11/6/2019 5:55,27.23996353,584302
11/6/2019 5:56,27.23996353,584302
11/6/2019 5:57,27.23996353,584302
11/6/2019 5:58,27.23996353,584302
11/6/2019 5:59,27.23996353,584302
11/6/2019 6:00,27.23996353,584302
11/6/2019 6:01,27.23996353,584302
11/6/2019 6:02,27.23996353,584302
11/6/2019 6:03,27.23996353,584302
11/6/2019 6:04,27.23996353,584302
11/6/2019 6:05,27.23996353,584302
11/6/2019 6:06,27.23996353,584302
11/6/2019 6:07,27.23996353,584302
11/6/2019 6:08,27.23996353,584302
11/6/2019 6:09,27.23996353,584302
11/6/2019 6:10,27.23996353,584302
11/6/2019 6:11,27.23996353,584302
11/6/2019 6:12,27.23996353,584302
11/6/2019 6:13,27.23996353,584302
11/6/2019 6:14,27.23996353,584302
11/6/2019 6:15,27.23996353,584302
11/6/2019 6:16,27.23996353,584302
11/6/2019 6:17,27.23996353,584302
11/6/2019 6:18,27.23996353,584302
11/6/2019 6:19,27.23996353,584302
11/6/2019 6:20,27.23996353,584302
11/6/2019 6:21,27.23996353,584302
11/6/2019 6:22,27.23996353,584302
11/6/2019 6:23,27.23996353,584302
11/6/2019 6:24,27.23890877,584302
11/6/2019 6:25,27.23911095,584302
11/6/2019 6:26,27.23996353,584302
11/6/2019 6:27,27.23996353,584302
11/6/2019 6:28,27.23996353,584302
11/6/2019 6:29,27.23996353,584302
11/6/2019 6:30,27.23979568,584302
11/6/2019 6:31,27.23996353,584302
11/6/2019 6:32,27.2387867,584302
11/6/2019 6:33,27.2375927,584302
11/6/2019 6:34,27.23773956,584302
11/6/2019 6:35,27.23664856,584302
11/6/2019 6:36,27.23644829,584302
11/6/2019 6:37,27.23727989,584302
11/6/2019 6:38,27.23568344,584302
11/6/2019 6:39,27.23701286,584302
11/6/2019 6:40,27.23946381,584302
11/6/2019 6:41,27.23755264,584302
11/6/2019 6:42,27.23257065,584302
11/6/2019 6:43,27.23073387,584302
11/6/2019 6:44,27.23747063,584302
11/6/2019 6:45,27.23513985,584302
11/6/2019 6:46,27.23339272,584302
11/6/2019 6:47,27.23529816,584302
11/6/2019 6:48,27.23786163,584302
11/6/2019 6:49,27.2366333,584302
11/6/2019 6:50,27.23265839,584302
11/6/2019 6:51,27.23459625,584302
11/6/2019 6:52,27.2396946,584302
11/6/2019 6:53,27.23417282,584302
11/6/2019 6:54,27.23336792,584302
11/6/2019 6:55,27.23511505,584302
11/6/2019 6:56,27.23755836,584302
11/6/2019 6:57,27.23970413,584302
11/6/2019 6:58,27.23802567,584302
11/6/2019 6:59,27.23575211,584302
11/6/2019 7:00,27.23351669,584302
11/6/2019 7:01,27.23487854,584302
11/6/2019 7:02,27.23239326,584302
11/6/2019 7:03,27.23716164,584302
11/6/2019 7:04,27.23803329,584302
11/6/2019 7:05,27.23957825,584302
11/6/2019 7:06,27.2390728,584302
11/6/2019 7:07,27.23434067,584302
11/6/2019 7:08,27.23493576,584302
11/6/2019 7:09,27.2347393,584302
11/6/2019 7:10,27.23515129,584302
11/6/2019 7:11,27.23678017,584302
11/6/2019 7:12,27.23620987,584302
11/6/2019 7:13,27.23505211,584302
11/6/2019 7:14,27.23239136,584302
11/6/2019 7:15,27.2319088,584302
11/6/2019 7:16,27.2343235,584302
11/6/2019 7:17,27.2320385,584302
11/6/2019 7:18,27.23634148,584302
11/6/2019 7:19,27.23008537,584302
11/6/2019 7:20,27.23465729,584302
11/6/2019 7:21,27.23156548,584302
11/6/2019 7:22,27.23125458,584302
11/6/2019 7:23,27.23379326,584302
11/6/2019 7:24,27.23237038,584302
11/6/2019 7:25,27.23496819,584302
11/6/2019 7:26,27.23383713,584302
11/6/2019 7:27,27.23391914,584302
11/6/2019 7:28,27.23237038,584302
11/6/2019 7:29,27.23425102,584302
11/6/2019 7:30,27.23405647,584302
11/6/2019 7:31,27.23646545,584302
11/6/2019 7:32,27.23697853,584302
11/6/2019 7:33,27.23368835,584302
11/6/2019 7:34,27.23417091,584302
11/6/2019 7:35,27.23361969,584302
11/6/2019 7:36,27.23360443,584302
11/6/2019 7:37,27.23039818,584302
11/6/2019 7:38,27.23547363,584302
11/6/2019 7:39,27.23529243,584302
11/6/2019 7:40,27.23003769,584302
11/6/2019 7:41,27.23300934,584302
11/6/2019 7:42,27.23350525,584302
11/6/2019 7:43,27.23234367,584302
11/6/2019 7:44,27.23021889,584302
11/6/2019 7:45,27.23155785,584302
11/6/2019 7:46,27.23236084,584302
11/6/2019 7:47,27.23181343,584302
11/6/2019 7:48,27.23464394,584302
11/6/2019 7:49,27.23506927,584302
11/6/2019 7:50,27.23573112,584302
11/6/2019 7:51,27.23362732,584302
11/6/2019 7:52,27.2301445,584302
11/6/2019 7:53,27.23048973,584302
11/6/2019 7:54,27.23458481,584302
11/6/2019 7:55,27.23600388,584302
11/6/2019 7:56,27.23342323,584302
11/6/2019 7:57,27.23098946,584302
11/6/2019 7:58,27.23255348,584302
11/6/2019 7:59,27.23290253,584302
11/6/2019 8:00,27.23477173,584302
11/6/2019 8:01,27.23513985,584302
11/6/2019 8:02,27.23163223,584302
11/6/2019 8:03,27.23253822,584302
11/6/2019 8:04,27.23533821,584302
11/6/2019 8:05,27.23615074,584302
11/6/2019 8:06,27.236166,584302
11/6/2019 8:07,27.23402023,584302
11/6/2019 8:08,28.51056862,584302
11/6/2019 8:09,27.23713493,584302
11/6/2019 8:10,27.23441315,584302
11/6/2019 8:11,27.23014832,584302
11/6/2019 8:12,27.23003769,584302
11/6/2019 8:13,27.23003769,584302
11/6/2019 8:14,27.23134995,584302
11/6/2019 8:15,27.23145866,584302
11/6/2019 8:16,27.23180199,584302
11/6/2019 8:17,27.23311234,584302
11/6/2019 8:18,27.23452568,584302
11/6/2019 8:19,27.23590851,584302
11/6/2019 8:20,27.23584366,584302
11/6/2019 8:21,27.23067665,584302
11/6/2019 8:22,27.23003769,584302
11/6/2019 8:23,27.23003769,584302
11/6/2019 8:24,27.23500824,584302
11/6/2019 8:25,27.23583412,584302
11/6/2019 8:26,27.23395157,584302
11/6/2019 8:27,27.23200226,584302
11/6/2019 8:28,27.23079109,584302
11/6/2019 8:29,27.23003769,584302
11/6/2019 8:30,27.23492813,584302
11/6/2019 8:31,27.23329735,584302
11/6/2019 8:32,27.23221016,584302
11/6/2019 8:33,27.2320118,584302
11/6/2019 8:34,27.23090935,584302
11/6/2019 8:35,27.23003769,584302
11/6/2019 8:36,27.2307663,584302
11/6/2019 8:37,27.2306881,584302
11/6/2019 8:38,27.23205757,584302
11/6/2019 8:39,27.23225975,584302
11/6/2019 8:40,27.23176956,584302
11/6/2019 8:41,26.44640732,584302
11/6/2019 8:42,27.23444176,584302
11/6/2019 8:43,27.23298454,584302
11/6/2019 8:44,27.23291969,584302
11/6/2019 8:45,27.23273849,584302
11/6/2019 8:46,27.23450279,584302
11/6/2019 8:47,27.23471832,584302
11/6/2019 8:48,27.23010063,584302
11/6/2019 8:49,27.23003769,584302
11/6/2019 8:50,27.23609352,584302
11/6/2019 8:51,27.23276329,584302
11/6/2019 8:52,27.2346077,584302
11/6/2019 8:53,27.23244858,584302
11/6/2019 8:54,27.23221016,584302
11/6/2019 8:55,27.23293686,584302
11/6/2019 8:56,27.23243713,584302
11/6/2019 8:57,27.23342323,584302
11/6/2019 8:58,27.23008156,584302
11/6/2019 8:59,27.24717331,584302
11/6/2019 9:00,27.25584412,584302
11/6/2019 9:01,25.26766777,584302
11/6/2019 9:02,23.9162159,584302
11/6/2019 9:03,24.0597496,584302
11/6/2019 9:04,24.05781555,584302
11/6/2019 9:05,24.01503563,584302
11/6/2019 9:06,23.9499588,584302
11/6/2019 9:07,23.90005112,584302
11/6/2019 9:08,23.87003708,584302
11/6/2019 9:09,23.86003494,584302
11/6/2019 9:10,23.85003662,584302
11/6/2019 9:11,23.83032799,584302
11/6/2019 9:12,23.8295517,584302
11/6/2019 9:13,23.81568909,584302
11/6/2019 9:14,23.81003571,584302
11/6/2019 9:15,28.51682091,584302
11/6/2019 9:16,28.4593792,584302
11/6/2019 9:17,28.46049309,584302
11/6/2019 9:18,24.35364342,584302
11/6/2019 9:19,23.8658886,584302
11/6/2019 9:20,23.8400383,584302
11/6/2019 9:21,23.83951378,584302
11/6/2019 9:22,23.83996201,584302
11/6/2019 9:23,23.83996201,584302
11/6/2019 9:28,23.93212318,584302
11/6/2019 9:29,28.50928116,584302
11/6/2019 9:30,28.45680618,584302
11/6/2019 9:31,28.45783997,584302
11/6/2019 9:32,28.45923233,584302
11/6/2019 9:33,28.45586205,584302
11/6/2019 9:34,28.45324326,584302
11/6/2019 9:35,28.45511627,584302
11/6/2019 9:36,28.45699501,584302
11/6/2019 9:37,28.45716667,584302
11/6/2019 9:38,28.45579529,584302
11/6/2019 9:39,28.45492172,584302
11/6/2019 9:40,28.45349503,584302
11/6/2019 9:41,28.45578766,584302
11/6/2019 9:42,28.45661163,584302
11/6/2019 9:43,28.45654106,584302
11/6/2019 9:44,28.45476913,584302
11/6/2019 9:45,28.45274353,584302
11/6/2019 9:46,28.45378494,584302
11/6/2019 9:47,28.45612717,584302
11/6/2019 9:48,28.45645714,584302
11/6/2019 9:49,28.45534897,584302
11/6/2019 9:50,28.45356369,584302
11/6/2019 9:51,28.45313835,584302
11/6/2019 9:52,28.45497322,584302
11/6/2019 9:53,28.45642281,584302
11/6/2019 9:54,27.2329998,584302
11/6/2019 9:55,27.2338562,584302
11/6/2019 9:56,27.23218155,584302
11/6/2019 9:57,27.23208809,584302
11/6/2019 9:58,27.23003769,584302
11/6/2019 9:59,27.23003769,584302
11/6/2019 10:00,27.23098946,584302
11/6/2019 10:01,27.23294449,584302
11/6/2019 10:02,27.23335648,584302
11/6/2019 10:03,27.23506165,584302
11/6/2019 10:04,27.23633003,584302
11/6/2019 10:05,27.23439598,584302
11/6/2019 10:06,28.45458412,584302
11/6/2019 10:07,27.74007988,584302
11/6/2019 10:08,27.23143578,584302
11/6/2019 10:09,27.23574448,584302
11/6/2019 10:10,27.23521233,584302
11/6/2019 10:11,27.23319435,584302
11/6/2019 10:12,27.23235703,584302
11/6/2019 10:13,27.23003769,584302
11/6/2019 10:14,27.23498344,584302
11/6/2019 10:15,27.23598289,584302
11/6/2019 10:16,27.23391533,584302
11/6/2019 10:17,27.23308372,584302
11/6/2019 10:18,27.23233414,584302
11/6/2019 10:19,27.23010254,584302
11/6/2019 10:20,27.23672295,584302
11/6/2019 10:21,27.23431778,584302
11/6/2019 10:22,27.23218727,584302
11/6/2019 10:23,27.23204422,584302
11/6/2019 10:24,27.23272133,584302
11/6/2019 10:25,27.23102379,584302
11/6/2019 10:26,27.2314415,584302
11/6/2019 10:27,27.23218727,584302
11/6/2019 10:28,27.23167419,584302
11/6/2019 10:29,27.23212814,584302
11/6/2019 10:30,27.23339272,584302
11/6/2019 10:31,27.23006821,584302
11/6/2019 10:32,27.23228645,584302
